      13,   0.049014,   1.209852,   0.257035
      29,   0.051944,   1.194470,   0.256058
      45,   0.059025,   1.232802,   0.242874
      60,   0.067448,   1.264665,   0.235793
      76,   0.064518,   1.226210,   0.217481
      91,   0.074162,   1.255020,   0.213941
     107,   0.074406,   1.226943,   0.216749
     123,   0.082952,   1.226210,   0.211866
     139,   0.087469,   1.229384,   0.223219
     154,   0.084905,   1.203259,   0.275346
     170,   0.054630,   1.202039,   0.263505
     185,   0.033388,   1.180797,   0.220167
     201,   0.072697,   1.083135,   0.101508
     217,   0.077947,   1.084600,   0.095404
     232,   0.091986,   1.098517,   0.092474
     248,   0.115180,   1.121589,   0.095160
     263,   0.153513,   1.154673,   0.094671
     279,   0.276933,   1.263688,   0.121773
     295,   0.347861,   1.285784,   0.167430
     310,   0.530733,   1.360007,   0.311237
     326,   0.686993,   1.320698,   0.177928
     341,   0.740829,   1.247940,   0.085638
     357,   0.858390,   1.006958,  -0.166331
     373,   0.237380,   0.159861,  -0.055240
     388,  -0.134469,  -0.064030,  -0.330892
     404,   0.083928,  -0.004822,  -0.614356
     420,   0.497528,   0.411951,  -0.935909
     435,   0.209669,   0.865837,  -0.343588
     451,   0.273881,   0.204175,  -0.245437
     466,   0.337240,   0.045962,  -0.223952
     482,   0.668681,   0.019349,  -0.172679
     498,   0.835439,   0.096502,  -0.179515
     513,   1.220717,   0.410731,  -0.408533
     529,   1.422633,   0.600928,  -0.626808
     545,   1.964170,   0.924922,  -1.376854
     560,   2.401941,   0.943966,  -1.975523
     576,   2.995239,   1.142709,  -1.417140
     591,   3.079839,   0.474455,  -0.000916
     607,   0.767808,  -0.720442,   0.388146
     623,   1.368186,  -0.513154,   0.016053
     638,   2.499359,   0.110175,  -0.534029
     654,   2.519380,   0.263993,  -0.240066
     670,   2.111396,   0.230544,  -0.301593
     685,   1.469023,   0.482024,  -0.554782
     701,   1.028810,   0.516694,  -0.817494
     716,   0.803455,   0.436123,  -1.384423
     732,   0.367393,   1.330465,  -1.621010
     748,  -0.394861,   0.509125,  -1.220961
     763,   0.406092,  -0.083440,  -0.711530
     779,   1.189709,  -0.112373,  -0.834463
     795,   1.462430,  -0.001404,  -1.118538
     810,   1.724409,   0.013734,  -1.136117
     826,   1.935848,   0.105048,  -1.090460
     841,   2.006165,  -0.002380,  -0.853873
     857,   2.186108,  -0.050723,  -0.353842
     873,   2.213575,  -0.038882,  -0.295855
     888,   2.305744,  -0.135934,  -0.078923
     904,   1.591589,   0.316242,   0.614234
     920,   0.417445,  -0.059757,   1.532015
     935,  -0.153879,  -1.223891,   1.726119
     951,   0.658915,  -1.307392,   1.084722
     966,   2.191845,  -0.683330,  -0.381676
     982,   2.327474,  -0.545138,  -0.617286
     997,   2.471525,  -0.024599,  -0.608741
    1013,   2.202710,   0.225417,  -0.302814
    1029,   1.120735,   0.436123,  -2.299151
    1044,   0.015687,  -0.073552,  -2.441616
    1060,   0.413783,  -0.153269,  -1.763352
    1076,   1.831716,   0.170482,  -0.847281
    1091,   2.493988,   0.237746,  -0.769151
    1107,   2.585058,   0.116523,  -0.771104
    1123,   2.210279,   0.025941,  -0.587499
    1138,   2.277666,  -0.087347,  -0.483977
    1154,   1.794726,  -0.250931,   0.160349
    1169,   1.400903,  -0.202344,   0.415980
    1185,   0.480681,  -1.018067,   1.753342
    1201,   1.659464,  -0.752182,   0.360068
    1216,   1.971251,  -0.572240,   0.352988
    1232,   2.418666,   0.008240,   0.438198
    1248,   2.595556,   0.367759,   0.338827
    1263,   2.820179,   1.039431,  -0.531832
    1279,   0.595678,   0.925411,  -2.305866
    1294,   0.241409,   0.701032,  -1.753342
    1310,   0.821278,   0.425624,  -1.065556
    1326,   1.663371,   0.364341,  -0.836538
    1341,   2.185619,   0.236526,  -0.625710
    1357,   2.473234,   0.116279,  -0.362388
    1373,   2.220533,  -0.119575,   0.637673
    1388,   1.554599,  -0.336263,   1.181285
    1404,   1.038577,  -0.645975,   1.418727
    1419,   1.225111,  -0.726546,   1.178966
    1435,   1.761033,  -0.689922,   0.279985
    1451,   1.608191,  -0.419886,   0.212354
    1466,   1.373558,  -0.237258,   0.079290
    1482,   1.020265,  -0.182079,  -0.544772
    1498,   0.987914,  -0.119697,  -0.576024
    1513,   0.949460,  -0.027040,  -0.610450
    1529,   1.050418,   0.389733,  -0.622536
    1544,   1.529573,   1.062138,  -1.161997
    1560,   1.271013,   0.815785,  -0.920772
    1575,   0.830678,   0.069279,   0.081487
    1591,   1.049320,  -0.294390,   0.583227
    1607,   0.925288,  -0.393274,   0.633278
    1623,   0.883049,  -0.415003,   0.582494
    1638,   1.111701,   0.125313,  -0.142404
    1654,   0.539523,   0.182934,  -0.076726
    1669,   0.826405,   0.294024,   0.086004
    1685,   1.000732,   0.521089,   0.172801
    1700,   1.158457,   0.242019,   0.198193
    1716,   1.133431,   0.126167,   0.259354
    1732,   1.065556,   0.114692,   0.359580
    1747,   1.039309,   0.094793,   0.139596
    1763,   0.916743,  -0.014100,   0.075871
    1779,   0.868400,   0.351889,  -0.049380
    1794,   0.935787,   0.525728,  -0.217604
    1810,   1.018312,   0.577489,  -0.243972
    1825,   0.957029,   0.450528,  -0.248611
    1841,   1.031252,   0.294024,  -0.096747
    1857,   1.062748,   0.459318,  -0.080877
    1872,   1.070073,   0.462980,  -0.130684
    1888,   0.936642,   0.652445,  -0.316853
    1904,   1.043216,   0.755722,  -0.386559
    1919,   1.123787,   0.806263,  -0.201001
    1935,   0.963621,   0.353842,  -0.357261
    1950,   0.896478,   0.277910,  -0.226882
    1966,   0.775865,   0.575047,  -0.217604
    1982,   0.738876,   0.281816,   0.035464
    1997,   0.936031,   0.112128,  -0.098456
    2013,   1.012208,   0.253739,  -0.145822
    2029,   1.067509,   0.361289,  -0.150583
    2044,   0.787585,   1.071904,  -0.563084
    2060,   0.668193,   0.635842,  -0.932003
    2076,   0.713361,   0.516450,  -0.840933
    2091,   0.841055,   0.515962,  -0.788195
    2107,   0.675761,   0.526949,  -0.589941
    2122,   0.484588,   0.643655,  -0.374351
    2138,   0.320515,   0.775987,  -0.456144
    2154,   0.304157,   0.791369,  -0.474211
    2169,   0.178050,   0.874504,  -0.601538
    2185,  -0.083928,   0.973387,  -0.739608
    2200,  -0.388146,   1.093023,  -0.693707
    2216,  -0.437099,   1.127327,  -0.651712
    2232,  -0.592138,   1.276262,  -0.408533
    2247,  -0.478362,   1.543368,  -0.058414
    2263,  -0.376793,   1.636758,  -0.122627
    2279,  -0.243240,   1.689373,  -0.317463
    2294,  -0.127266,   1.755295,  -0.440029
    2310,   0.068425,   1.682415,  -0.300617
    2325,   0.143014,   1.302875,  -0.191723
    2341,   0.142526,   0.825795,  -0.198559
    2357,   0.080510,   0.363242,  -0.124580
    2372,   0.184765,   0.047427,   0.010193
    2388,   0.617408,  -0.591284,  -0.262284
    2404,   1.900201,  -0.208204,  -1.406397
    2419,   1.289813,   0.875725,  -0.879875
    2435,   0.242507,   0.929439,   0.072697
    2450,   0.272905,   0.643167,  -0.026674
    2466,   0.846792,  -0.916743,  -0.516328
    2482,   0.749496,  -2.036196,  -0.626808
    2497,   0.685039,  -1.766892,  -0.315998
    2513,   0.880364,  -0.834707,  -0.205152
    2529,   1.170177,  -0.270952,  -0.220778
    2544,   1.050784,  -0.135445,  -0.114082
    2560,   1.102667,   0.247879,   0.053897
    2575,   1.146005,   0.361533,   0.199170
    2591,   1.062992,   0.167552,   0.374474
    2607,   0.917475,  -0.083440,   0.548312
    2622,   0.826772,  -0.357016,   0.965208
    2638,   0.937252,  -0.482512,   1.093023
    2653,   0.826650,  -0.830312,   1.263444
    2669,   0.737167,  -1.002686,   1.497223
    2685,   0.691632,  -0.966307,   1.608680
    2700,   0.574925,  -0.766831,   1.602942
    2716,   0.531954,  -0.657694,   1.233657
    2731,   0.687237,  -0.684551,   0.921382
    2747,   0.848379,  -0.737044,   1.086431
    2763,   0.841909,  -0.449429,   1.026369
    2779,   0.821034,  -0.420619,   0.983886
    2794,   0.769273,  -0.421351,   0.968016
    2810,   0.765855,  -0.420131,   0.968992
    2825,   0.763902,  -0.414515,   0.962888
    2841,   0.694317,  -0.364707,   0.855704
    2868,   0.583959,  -0.399622,   0.748031
    2884,   0.767076,  -0.250687,   0.838369
    2899,   0.679058,  -0.071965,   0.831411
    2915,   0.488494,  -0.021791,   0.560886
    2930,   0.641091,   0.366050,   0.432582
    2946,   1.750046,   0.800037,   0.281084
    2962,   2.092108,   0.298907,   0.714338
    2977,   0.700177,   0.535738,   0.248978
    2993,   0.871330,   0.566502,   0.589575
    3009,   1.023195,   0.654154,   0.388146
    3024,   1.059574,   0.755234,   0.128853
    3040,   0.974364,   0.734725,   0.023378
    3055,   0.860831,   0.770372,   0.025331
    3071,   0.749741,   0.843863,  -0.035830
    3087,   0.567845,   0.967649,  -0.079778
    3102,   0.425258,   1.032595,   0.060245
    3118,   0.359580,   1.121711,   0.172069
    3134,   0.291705,   1.215833,   0.249344
    3149,   0.303668,   1.300189,   0.232375
    3165,   0.353720,   1.340231,   0.227248
    3180,   0.409876,   1.380760,   0.220411
    3196,   0.390100,   1.255753,   0.255082
    3212,   0.343222,   1.147348,   0.235305
    3227,   0.287920,   1.020631,   0.244827
    3243,   0.287554,   1.038455,   0.177196
    3259,   0.325154,   1.038332,   0.188305
    3274,   0.213087,   0.792224,   0.268022
    3290,   0.344442,   0.684917,   0.198682
    3305,   0.415492,   0.716169,   0.004700
    3321,   0.398157,   0.583104,   0.025575
    3337,   0.456510,   0.347494,   0.182079
    3352,   0.510224,  -1.490264,   0.305133
    3368,   0.594458,  -0.076848,  -0.073796
    3384,   1.205091,  -0.483855,   0.028749
    3399,   0.436733,  -0.520967,  -0.139230
    3415,   3.138558,   0.084539,   0.056095
    3430,   3.172984,   0.010560,   0.062931
    3446,   3.137338,   0.000549,   0.035830
    3462,   1.611610,  -0.834707,  -0.275468
    3477,   0.510712,  -0.950681,  -0.773057
    3493,   0.878411,  -0.461393,  -0.851676
    3509,   1.229018,  -0.356650,  -0.854850
    3524,   1.558262,  -0.312946,  -0.708600
    3540,   1.507355,  -0.269243,  -0.307697
    3555,   1.365012,  -0.259720,  -0.055240
    3571,   1.063480,  -0.226027,   0.553195
    3586,   0.990722,  -0.831655,   0.272783
    3602,   0.937252,  -0.948972,   0.092474
    3618,   0.760728,  -1.015504,   0.108954
    3634,   0.418422,  -0.946408,   0.418422
    3649,   0.147409,  -1.034670,   0.561985
    3665,   0.053043,  -1.233046,   0.574437
    3680,   0.083318,  -1.402612,   0.574193
    3696,   0.091986,  -1.453519,   0.558933
    3712,   0.090521,  -1.459257,   0.519258
    3727,   0.125191,  -1.453153,   0.466032
    3743,   0.165721,  -1.428005,   0.393029
    3759,   0.206983,  -1.452176,   0.323689
    3774,   0.253617,  -1.474882,   0.354453
    3790,   0.276933,  -1.240371,   0.446499
    3805,   0.391809,  -1.137948,   0.367637
    3821,   0.438686,  -1.109382,   0.209669
    3837,   0.410364,  -0.998535,   0.208448
    3852,   0.131295,  -0.691265,   0.416346
    3868,   0.206983,  -0.305378,   0.556125
    3883,   0.258744,  -0.063664,   0.680156
    3899,   0.223585,   0.044009,   0.524629
    3915,   1.926082,   4.000183,   0.080754
    3930,   1.368186,   2.686382,  -0.744980
    3946,   0.636452,  -0.526094,   0.319783
    3961,   0.704328,  -0.484588,   0.354209
    3977,   1.259782,  -0.091741,   0.441128
    3993,   1.285662,   0.108222,   0.401086
    4008,   0.939205,  -0.063908,   0.281694
    4024,   0.428676,   0.555515,  -0.145822
    4040,   0.649393,   1.307026,  -0.742294
    4055,   0.795642,   0.736922,  -0.159250
    4071,   0.794909,   0.646829,  -0.103827
    4087,   0.786486,   0.576146,  -0.022890
    4102,   0.735335,   0.462980,   0.061466
    4118,   0.144235,   0.843374,  -0.278642
    4133,   0.174754,   0.890008,  -0.264970
    4149,   0.191113,   0.845083,  -0.067936
    4165,  -0.048404,   1.091436,   0.078801
    4180,  -0.091864,   1.263566,   0.164256
    4196,  -0.219801,   1.317280,   0.275346
    4211,  -0.632180,   1.428127,   0.577611
    4227,  -0.654886,   1.436672,   0.576756
    4243,  -0.480559,   1.382226,   0.579930
    4258,  -0.431240,   1.330220,   0.527559
    4274,  -0.418788,   1.161753,   0.393029
    4290,  -0.395959,   1.066288,   0.296466
    4305,  -0.408777,   0.965574,   0.159861
    4321,  -0.441006,   0.906855,   0.123970
    4336,  -0.452237,   0.863395,   0.138375
    4352,  -0.388268,   0.840933,   0.124947
    4368,  -0.316975,   0.749374,   0.207715
    4383,  -0.189037,   0.701276,   0.349570
    4399,   0.018739,   0.624611,   0.612525
    4414,   0.253983,   0.376061,   0.513764
    4430,   0.498505,   0.040591,   0.143502
    4446,   0.459195,  -0.161326,   0.062199
    4461,   1.019044,  -1.201428,  -0.116767
    4477,   1.406519,  -0.317341,  -0.107001
    4493,   1.094488,  -0.269487,  -0.034731
    4508,   1.624184,  -0.417201,  -0.002258
    4524,   2.276933,  -0.656961,   0.163767
    4540,   2.426357,  -0.964109,  -0.025697
    4555,   1.810352,  -1.212415,   0.050235
    4571,   0.681133,  -0.634743,  -0.266679
    4586,   0.873039,  -0.368614,  -0.343100
    4602,   1.341085,  -0.453092,  -0.353354
    4618,   1.363181,  -0.733138,  -0.069279
    4633,   1.207532,  -0.721785,   0.049258
    4649,   0.899530,  -0.484099,   0.258255
    4665,   0.808582,  -0.339803,   0.365684
    4680,   0.656107,  -0.506073,   0.431850
    4696,   0.508515,  -0.771715,   0.246048
    4711,   0.502167,  -0.773668,   0.239700
    4727,   0.495086,  -0.774400,   0.236770
    4743,   0.322957,  -1.032961,   0.237258
    4758,   0.211133,  -1.095465,   0.329793
    4774,   0.133736,  -1.078862,   0.423549
    4790,   0.053409,  -1.094244,   0.547580
    4805,   0.023622,  -1.150766,   0.632424
    4821,   0.085760,  -1.257096,   0.708112
    4836,   0.172313,  -1.302753,   0.810047
    4852,   0.387170,  -1.333272,   0.623024
    4868,   0.464445,  -1.377098,   0.498505
    4883,   0.455533,  -1.242324,   0.420619
    4899,   0.374840,  -0.767076,   0.443325
    4915,   0.340536,  -0.516816,   0.456632
    4930,   0.364951,  -0.271196,   0.564793
    4946,   0.412440,  -0.033877,   0.680767
    4961,   0.353476,  -0.123482,   0.357871
    4977,   0.299274,  -0.156931,  -0.031313
    4993,   0.239456,  -0.038149,   0.064884
    5008,   0.290240,   0.087957,   0.076115
    5024,   3.654337,  -0.450528,  -0.882195
    5040,   0.440273,  -0.694073,   0.313923
    5055,   0.397424,  -0.115180,   0.320759
    5071,   0.450406,   0.722883,  -0.338949
    5086,   0.540255,   0.734237,  -0.343344
    5102,   0.384362,   0.708845,   0.052554
    5118,   0.386681,   1.026735,   0.128365
    5133,   0.377159,   1.201795,   0.061466
    5149,   0.312458,   1.230727,   0.094793
    5164,   0.179637,   1.197522,   0.151560
    5180,   0.065128,   1.218641,   0.125923
    5195,  -0.020082,   1.249405,   0.101508
    5211,  -0.085027,   1.299945,   0.185009
    5227,  -0.127754,   1.342184,   0.279497
    5243,  -0.173656,   1.404688,   0.435268
    5258,  -0.211011,   1.473540,   0.598608
    5274,  -0.213575,   1.545444,   0.717512
    5289,  -0.190991,   1.531160,   0.757309
    5305,  -0.151926,   1.449857,   0.733382
    5321,  -0.129463,   1.327535,   0.711408
    5336,  -0.120918,   1.285540,   0.704083
    5352,  -0.116523,   1.258439,   0.695050
    5367,  -0.111640,   1.243057,   0.686993
    5383,  -0.104804,   1.225478,   0.668437
    5399,  -0.069157,   1.115852,   0.461637
    5414,  -0.095282,   1.043582,   0.357016
    5430,  -0.249710,   0.786120,   0.203321
    5445,  -0.301715,   0.653665,   0.262772
    5461,  -0.142648,   0.427333,   0.236159
    5477,   0.359092,   0.176830,   0.106879
    5492,   2.061344,  -0.263383,   0.232619
    5508,   1.801196,  -0.212843,   0.007264
    5524,   1.300555,  -0.335897,   0.101264
    5539,   0.961423,  -0.324666,   0.174266
    5555,   0.565647,  -0.441006,   0.168406
    5571,   0.423549,  -0.803943,   0.071599
    5586,   0.920527,  -1.251236,  -0.200513
    5602,   1.461454,  -0.899896,  -0.372154
    5617,   1.444851,  -0.442105,  -0.174632
    5633,   1.274919,  -0.231154,   0.168895
    5649,   1.116218,  -0.537936,   0.535494
    5664,   0.904779,  -0.673076,   0.647928
    5680,   0.492034,  -0.835439,   0.785753
    5696,   0.340780,  -0.920772,   0.771104
    5711,   0.031191,  -1.072514,   0.657694
    5727,  -0.154367,  -1.174815,   0.568577
    5742,  -0.474211,  -1.284197,   0.455289
    5758,  -0.588720,  -1.296893,   0.464567
    5774,  -0.660990,  -1.292254,   0.543673
    5789,  -0.677348,  -1.275652,   0.592993
    5805,  -0.662089,  -1.255387,   0.640237
    5820,  -0.506928,  -1.285418,   0.646463
    5836,  -0.326497,  -1.322774,   0.613258
    5852,   0.007752,  -1.423122,   0.555515
    5867,   0.361045,  -1.468290,   0.472624
    5883,   0.416346,  -1.202161,   0.539889
    5899,   0.444790,  -1.128670,   0.558323
    5914,   0.474821,  -1.101813,   0.539034
    5930,   0.314167,  -0.718245,   0.437466
    5945,   0.302326,  -0.378502,   0.338461
    5961,   0.388635,  -0.384240,   0.241042
    5977,   0.352744,  -0.466520,   0.105048
    5992,   0.345175,  -0.516084,   0.095160
    6008,   0.330403,  -0.453214,   0.131050
    6024,   0.245804,  -0.221388,   0.082219
    6039,   0.083196,   0.295001,   0.195263
    6055,   0.840078,   0.866813,  -0.529878
    6070,   1.805225,   2.724348,   0.246048
    6086,   0.640359,   1.674724,  -0.016175
    6101,   0.265214,   0.114692,   0.693463
    6117,   0.288531,   0.230300,   0.728987
    6133,   0.295611,   0.578465,   0.802234
    6149,   0.368248,   0.805896,   0.791613
    6164,   0.285845,   1.026491,   0.560032
    6180,   0.322713,   0.881951,   0.438198
    6195,   0.360801,   0.536959,   0.526582
    6211,   0.279253,   0.755478,   0.553684
    6227,   0.292193,   0.752670,   0.664652
    6242,   0.273637,   0.765733,   0.697735
    6258,   0.456510,   0.854605,   0.906733
    6274,   0.723860,   0.974730,   1.163340
    6289,   0.919185,   1.122932,   1.374779
    6305,   1.061771,   1.243789,   1.694867
    6320,   1.071782,   1.279924,   1.857963
    6336,   1.012452,   1.327779,   1.935360
    6351,   0.896722,   1.316303,   1.820607
    6367,   0.834463,   1.342672,   1.713423
    6383,   0.841299,   1.410303,   1.621864
    6398,   0.754868,   1.270646,   1.524202
    6414,   0.711164,   1.125496,   1.306415
    6430,   0.544162,   0.898309,   1.088140
    6445,   0.565159,   0.850455,   1.006592
    6461,   0.506073,   0.697857,   0.757554
    6476,   0.491790,   0.751572,   0.812489
    6492,   0.199170,   0.414149,   0.456266
    6508,   0.059391,   0.287310,   0.232375
    6523,   0.035586,   0.013978,  -0.010560
    6539,   0.023134,  -0.002869,  -0.003479
    6555,   0.020936,  -0.003113,  -0.006165
    6570,   0.021791,  -0.006287,  -0.007019
    6586,   0.028871,   0.000427,   0.005188
    6602,   0.019716,  -0.002503,  -0.006775
    6617,   0.018006,  -0.002991,  -0.008606
    6633,   0.017762,  -0.002991,  -0.008118
    6648,   0.017884,  -0.002503,  -0.007019
    6664,   0.017762,  -0.006043,  -0.003479
    6680,   0.017030,  -0.003357,  -0.007874
    6695,   0.018006,  -0.005310,  -0.008362
    6711,   0.019227,  -0.004822,  -0.006165
    6726,   0.016053,   0.051822,  -0.006897
    6742,   0.086858,  -0.009095,   0.041079
    6758,   0.065617,  -0.017518,   0.024354
    6773,   0.406702,  -0.289996,   0.156443
    6789,   0.440151,  -0.118843,   0.287066
    6805,   0.589819,   0.028871,   0.222365
    6820,   0.803455,   0.145334,   0.114692
    6836,   1.052982,  -0.043154,   0.139108
    6851,   1.741500,   0.249344,   0.091741
    6867,   2.552585,  -0.152292,   0.109321
    6883,   2.075505,   0.623878,   0.279497
    6898,   1.819386,   0.430141,   0.692120
    6914,   1.738693,   0.438809,   1.001709
    6930,   2.149972,   0.671245,   1.079839
    6945,   2.103827,   1.149789,   1.052738
    6961,   2.200391,   1.279680,   0.911494
    6976,   2.090399,   0.983275,   0.832998
    6992,   1.756150,   0.608252,   1.366233
    7008,   1.793994,   0.702741,   1.404810
    7023,   1.737106,   0.754257,   1.235610
    7039,   1.637246,   0.776231,   1.008057
    7055,   1.017823,   1.301410,   0.426234
    7070,   0.916499,   0.671977,   0.770005
    7086,   0.925655,   0.329061,   0.880486
    7101,   0.896478,   0.368736,   0.875725
    7117,   0.710554,   0.542697,   0.945797
    7133,   0.576634,   0.593359,   0.910883
    7148,   0.069767,  -0.059757,   0.120063
    7164,   0.084173,  -0.070256,   0.032167
    7180,   0.107856,  -0.050967,   0.018251
    7195,   0.071721,  -0.029482,   0.014588
    7211,   0.016786,  -0.007019,   0.013856
    7226,   0.016664,  -0.004578,   0.013001
    7242,   0.014466,  -0.005921,  -0.001282
    7258,   0.044864,  -0.020082,  -0.716780
    7273,   0.065373,   0.027895,  -0.723494
    7289,   0.138131,   0.185863,  -0.747909
    7305,   0.174388,   0.219801,  -0.647684
    7320,   0.019471,   0.074651,  -0.227980
    7336,   0.081731,   0.028871,  -0.161448
    7351,   0.225417,   0.013856,  -0.161082
    7367,   0.241897,   0.042544,  -0.135323
    7383,   0.331136,   0.123482,  -0.114204
    7398,   0.378746,   0.556614,   0.091986
    7414,   0.513154,   1.009400,   0.541720
    7429,   1.000000,   1.206678,   0.550021
    7445,   1.569127,   1.350729,   0.591772
    7461,   1.457059,   1.297992,   0.737289
    7476,   1.417506,   1.279680,   0.829335
    7492,   1.414332,   1.271867,   0.858390
    7508,   1.353781,   1.225478,   0.960691
    7523,   1.331319,   1.208875,   0.991943
    7539,   1.364402,   0.859733,   0.885125
    7554,   1.494293,   1.291888,   0.724104
    7570,   1.436062,   1.085332,   0.853263
    7586,   1.257340,   0.799915,   0.783922
    7601,   1.155161,   0.709455,   0.313923
    7617,   0.884026,   0.364097,   0.126656
    7633,   0.809803,   0.347250,  -0.343710
    7648,   0.722029,   0.651224,  -0.350180
    7664,   0.696881,   0.109443,   0.130074
    7679,   0.650858,   0.160471,   0.211133
    7695,   0.857901,   0.345053,   0.179393
    7710,   0.939449,   0.437099,  -0.183422
    7726,   0.801013,   0.357749,  -0.203687
    7742,   0.972166,   0.730330,   0.238723
    7758,   0.872307,   0.710798,   0.347861
    7773,   0.826161,   0.611304,   0.320881
    7789,   0.768296,   0.551608,   0.252884
    7804,   0.704083,   0.574559,   0.206495
    7820,   0.655985,   0.585058,   0.148141
    7836,   0.608130,   0.611671,   0.182323
    7851,   0.648416,   0.545260,   0.149118
    7867,   0.570530,   0.585180,   0.173900
    7883,   0.513154,   0.789172,   0.280474
    7898,   0.540743,   0.795764,   0.285845
    7914,   0.553439,   0.803089,   0.282183
    7929,   0.577000,   0.799182,   0.275835
    7945,   0.681621,   0.818348,   0.244461
    7960,   0.843252,   0.962766,   0.065617
    7976,   1.064457,   0.968626,  -0.000305
    7992,   0.545993,   0.613624,  -0.094915
    8007,   0.162547,   0.725935,   0.260941
    8023,   0.285479,   0.770494,   0.244705
    8039,   0.102973,   0.332601,  -0.020326
    8054,   0.054142,   1.185192,   0.163279
    8070,   0.137643,   1.070927,   0.173778
    8085,   0.190136,   0.776476,  -0.105780
    8101,   0.180126,   0.581640,  -0.209302
    8117,   0.216749,   0.513764,  -0.162180
    8132,   0.355918,   3.022218,   0.889153
    8148,   0.283281,   1.106574,  -0.151193
    8164,   0.181347,   0.256424,   0.119087
    8179,   0.227004,  -0.209547,   0.019105
    8195,   0.130562,   0.902460,   0.843740
    8211,   0.048282,   0.618263,   0.467497
    8226,  -0.147775,   0.965940,   0.518770
    8242,  -0.129708,   1.104621,   0.350791
    8257,  -0.075505,   0.566258,   0.234328
    8273,  -0.104071,   0.948605,   0.201123
    8289,  -0.097479,   0.952756,   0.125679
    8304,  -0.047427,   1.023561,   0.105414
    8320,  -0.030092,   0.982787,   0.210645
    8335,   0.045352,   0.981566,   0.268022
    8351,  -0.081365,   0.958616,   0.146676
    8367,  -0.020814,   0.977904,   0.231887
    8382,  -0.017152,   0.974486,   0.221876
    8398,  -0.017152,   0.977660,   0.222365
    8414,  -0.049136,   0.841665,   0.164744
    8429,  -0.017884,   0.872429,   0.159373
    8445,  -0.019349,   0.963010,   0.242385
    8460,  -0.018373,   0.987670,   0.231887
    8476,  -0.024232,   0.980345,   0.218946
    8492,  -0.022523,   0.983031,   0.229934
    8507,  -0.019105,   0.967894,   0.222609
    8523,  -0.016542,   0.975096,   0.221754
    8538,  -0.019593,   0.983520,   0.228469
    8554,  -0.020326,   0.980345,   0.221876
    8570,  -0.018129,   0.976439,   0.220900
    8585,  -0.018861,   0.979369,   0.222365
    8601,  -0.017884,   0.975218,   0.222121
    8617,  -0.017152,   0.977416,   0.223097
    8632,  -0.014955,   0.976927,   0.221388
    8648,  -0.018617,   0.975340,   0.220533
    8664,  -0.022035,   0.975462,   0.220656
    8679,  -0.017884,   0.977171,   0.222121
    8695,  -0.017518,   0.975707,   0.219557
    8710,  -0.015931,   0.974730,   0.221876
    8726,  -0.015443,   0.976439,   0.222121
    8742,  -0.015931,   0.974486,   0.220411
    8757,  -0.014955,   0.974486,   0.222365
    8773,  -0.018373,   0.973509,   0.217237
    8789,  -0.016908,   0.976439,   0.220900
    8804,  -0.019105,   0.973997,   0.220900
