      20,  -0.016908,   0.977416,   0.224806
      36,  -0.016664,   0.976439,   0.225050
      52,  -0.014832,   0.976683,   0.225294
      67,  -0.018129,   0.972533,   0.221144
      83,  -0.017518,   0.976561,   0.220533
      98,  -0.016175,   0.976439,   0.222243
     114,  -0.014955,   0.978636,   0.221876
     130,  -0.018617,   0.976195,   0.220411
     145,  -0.022523,   0.974974,   0.221876
     161,  -0.018739,   0.975951,   0.221388
     177,  -0.013245,   0.977660,   0.223341
     192,  -0.019593,   0.976927,   0.223585
     208,  -0.017884,   0.976683,   0.221388
     223,  -0.018129,   0.975584,   0.223341
     239,  -0.020082,   0.977904,   0.221632
     255,  -0.018861,   0.973997,   0.221144
     270,  -0.019838,   0.974242,   0.222853
     286,  -0.023012,   0.978148,   0.221144
     302,  -0.019349,   0.977904,   0.221388
     317,  -0.019838,   0.973997,   0.224806
     333,  -0.020326,   0.976683,   0.220411
     348,  -0.018983,   0.974120,   0.222853
     364,  -0.000794,   0.900507,   0.221632
     380,  -0.030336,   0.981566,   0.231398
     395,  -0.021425,   0.975462,   0.222853
     411,  -0.018129,   0.971800,   0.223097
     427,  -0.016664,   0.976683,   0.221632
     442,  -0.020570,   0.978636,   0.222609
     458,  -0.019349,   0.976439,   0.221632
     473,  -0.019105,   0.975951,   0.224562
     489,  -0.020082,   0.976927,   0.222609
     505,  -0.020814,   0.974730,   0.223341
     520,  -0.016908,   0.974852,   0.224074
     536,  -0.021058,   0.975707,   0.220778
     552,  -0.020326,   0.975218,   0.223097
     567,  -0.022035,   0.975707,   0.221510
     583,  -0.019349,   0.977660,   0.221876
     598,  -0.019105,   0.977416,   0.221632
     614,  -0.020448,   0.976195,   0.222731
     630,  -0.023012,   0.977660,   0.222365
     645,  -0.020326,   0.974730,   0.221388
     661,  -0.021303,   0.974730,   0.220411
     677,  -0.019838,   0.977293,   0.220167
     692,  -0.013245,   0.978881,   0.219923
     708,  -0.020326,   0.968382,   0.217970
     723,  -0.024721,   0.978881,   0.219679
     739,  -0.019105,   0.977416,   0.222365
     755,  -0.021303,   0.986205,   0.219191
     770,  -0.011781,   0.974486,   0.218214
     786,  -0.019349,   0.975096,   0.220411
     801,  -0.020326,   0.976439,   0.223341
     817,  -0.018373,   0.976561,   0.222243
     833,  -0.017396,   0.976927,   0.223341
     848,  -0.016786,   0.976805,   0.223219
     864,  -0.017518,   0.972655,   0.219923
     880,  -0.019838,   0.974730,   0.220167
     895,  -0.017396,   0.975218,   0.220900
     911,  -0.018129,   0.974486,   0.220411
     926,  -0.020082,   0.977171,   0.223585
     942,  -0.019593,   0.975462,   0.220411
     958,  -0.021303,   0.977660,   0.227004
     973,  -0.020326,   0.973753,   0.222487
     989,  -0.018617,   0.973997,   0.222365
    1005,  -0.018129,   0.977416,   0.222853
    1020,  -0.018129,   0.977171,   0.222121
    1036,  -0.015199,   0.973509,   0.222853
    1051,  -0.020326,   0.973997,   0.222853
    1067,  -0.019593,   0.975951,   0.220533
    1083,  -0.015443,   0.975218,   0.223097
    1098,  -0.017884,   0.976927,   0.222853
    1114,  -0.018251,   0.977171,   0.220167
    1130,  -0.017640,   0.973509,   0.222121
    1145,  -0.022035,   0.977904,   0.223585
    1161,  -0.018861,   0.975951,   0.223585
    1188,  -0.017396,   0.975462,   0.223341
    1203,  -0.018861,   0.977293,   0.221632
    1219,  -0.017884,   0.974486,   0.219191
    1235,  -0.020082,   0.974486,   0.223341
    1250,  -0.019105,   0.973997,   0.221876
    1266,  -0.019593,   0.974974,   0.222853
    1282,  -0.018617,   0.973997,   0.223341
    1297,  -0.021547,   0.976439,   0.220167
    1313,  -0.017884,   0.974486,   0.221632
    1328,  -0.022035,   0.975951,   0.218946
    1344,  -0.019593,   0.972777,   0.222853
    1360,  -0.015687,   0.977171,   0.223585
    1375,  -0.020082,   0.973997,   0.219679
    1391,  -0.021547,   0.974974,   0.218946
    1407,  -0.017640,   0.976683,   0.221632
    1422,  -0.019716,   0.975707,   0.222365
    1438,  -0.020936,   0.976683,   0.224562
    1453,  -0.018861,   0.974120,   0.223952
    1469,  -0.018861,   0.974974,   0.229201
    1485,  -0.016175,   0.976195,   0.221876
    1500,  -0.016419,   0.974730,   0.218458
    1516,  -0.018617,   0.975218,   0.223830
    1532,  -0.019105,   0.976805,   0.220900
    1547,  -0.021303,   0.974974,   0.219923
    1563,  -0.018617,   0.975462,   0.225050
    1578,  -0.018251,   0.976561,   0.223463
    1594,  -0.015687,   0.977904,   0.222853
    1610,  -0.018373,   0.974974,   0.224318
    1625,  -0.018373,   0.975340,   0.222487
    1641,  -0.015687,   0.976927,   0.224074
    1656,  -0.020570,   0.980101,   0.223097
    1672,  -0.018861,   0.976439,   0.221876
    1688,  -0.017640,   0.977171,   0.224806
    1703,  -0.016664,   0.974974,   0.223585
    1719,  -0.019349,   0.974730,   0.221632
    1735,  -0.018617,   0.974974,   0.223341
    1750,  -0.017152,   0.975218,   0.219923
    1766,  -0.013490,   0.980345,   0.227492
    1782,  -0.013245,   0.975462,   0.218702
    1797,  -0.014222,   0.974730,   0.221510
    1813,  -0.015443,   0.975951,   0.220411
    1828,  -0.018617,   0.976073,   0.219191
    1844,  -0.019471,   0.975584,   0.222243
    1860,  -0.020082,   0.977171,   0.224806
    1875,  -0.021058,   0.974730,   0.223341
    1891,  -0.020082,   0.975951,   0.222609
    1906,  -0.016419,   0.975951,   0.223830
    1922,  -0.018373,   0.974730,   0.223708
    1938,  -0.019349,   0.974242,   0.224318
    1953,  -0.018373,   0.975462,   0.223341
    1969,  -0.019838,   0.974242,   0.221388
    1985,  -0.018373,   0.972288,   0.219435
    2000,  -0.012025,   0.977416,   0.221144
    2016,  -0.015687,   0.976683,   0.223830
    2031,  -0.020082,   0.975951,   0.219191
    2047,  -0.019838,   0.975707,   0.219679
    2063,  -0.019838,   0.974242,   0.224562
    2078,  -0.020570,   0.974974,   0.221144
    2094,  -0.014710,   0.977416,   0.221144
    2110,  -0.018983,   0.977904,   0.221998
    2125,  -0.017640,   0.976195,   0.223830
    2141,  -0.022035,   0.976439,   0.225050
    2156,  -0.019105,   0.976927,   0.220656
    2172,  -0.017884,   0.975218,   0.220411
    2188,  -0.017884,   0.978148,   0.220656
    2203,  -0.018617,   0.970091,   0.215772
    2219,  -0.021303,   0.979369,   0.220167
    2235,  -0.021058,   0.976195,   0.222609
    2250,  -0.018129,   0.976439,   0.220167
    2266,  -0.015687,   0.975829,   0.224440
    2281,  -0.019105,   0.977416,   0.221144
    2297,  -0.019716,   0.975462,   0.221266
    2313,  -0.016419,   0.976195,   0.222121
    2328,  -0.019593,   0.973509,   0.223830
    2344,  -0.019349,   0.977171,   0.222121
    2360,  -0.018617,   0.974974,   0.222853
    2375,  -0.018617,   0.976439,   0.224318
    2391,  -0.021791,   0.976317,   0.218214
    2406,  -0.018617,   0.974486,   0.224440
    2422,  -0.019838,   0.985229,   0.222365
    2438,  -0.020082,   0.978636,   0.223585
    2453,  -0.022279,   0.977660,   0.224562
    2469,  -0.019227,   0.981444,   0.229201
    2485,   0.000671,   1.029909,   0.210401
    2500,  -0.016175,   0.977660,   0.226149
    2516,  -0.026064,   1.003784,   0.225783
    2531,  -0.018617,   0.977049,   0.221998
    2547,  -0.018129,   0.974730,   0.220167
    2563,  -0.016175,   0.974730,   0.223585
    2578,  -0.018617,   0.975707,   0.223463
    2594,  -0.018861,   0.974974,   0.219923
    2610,  -0.018617,   0.975707,   0.223097
    2625,  -0.019349,   0.975340,   0.220411
    2641,  -0.017884,   0.974730,   0.220656
    2656,  -0.016664,   0.975707,   0.224562
    2672,  -0.017396,   0.975218,   0.224562
    2688,  -0.018739,   0.977660,   0.219801
    2703,  -0.019593,   0.975462,   0.221144
    2719,  -0.020082,   0.976195,   0.220656
    2734,  -0.021425,   0.975218,   0.220411
    2750,  -0.015931,   0.978392,   0.224806
    2766,  -0.017762,   0.975218,   0.224196
    2781,  -0.020082,   0.974730,   0.222121
    2797,  -0.021058,   0.976683,   0.220411
    2812,  -0.016419,   0.973021,   0.222609
    2828,  -0.016175,   0.977171,   0.218824
    2844,  -0.016175,   0.978881,   0.220411
    2859,  -0.018373,   0.975951,   0.221632
    2875,  -0.019838,   0.975218,   0.221998
    2891,  -0.016908,   0.974242,   0.221876
    2906,  -0.017640,   0.972533,   0.220656
    2922,  -0.017396,   0.978636,   0.222121
    2937,  -0.020326,   0.975462,   0.224562
    2953,  -0.018861,   0.973753,   0.220656
    2969,  -0.016419,   0.975951,   0.223097
    2984,  -0.015199,   0.976439,   0.222121
    3000,  -0.016664,   0.973021,   0.223585
    3016,  -0.017884,   0.975218,   0.220411
    3031,  -0.018373,   0.974730,   0.221388
    3047,  -0.021181,   0.975584,   0.220533
    3063,  -0.018617,   0.975707,   0.222853
    3078,  -0.016175,   0.982787,   0.224074
    3094,  -0.019960,   0.975584,   0.220411
    3109,  -0.018006,   0.976317,   0.222121
    3125,  -0.019227,   0.979613,   0.221632
    3141,  -0.017396,   0.973021,   0.219435
    3156,  -0.020082,   0.975462,   0.222853
    3172,  -0.015931,   0.975951,   0.222609
    3187,  -0.019593,   0.976927,   0.220900
    3203,  -0.017640,   0.977904,   0.223830
    3219,  -0.019593,   0.978881,   0.222853
    3234,  -0.019349,   0.976439,   0.218702
    3250,  -0.019105,   0.977416,   0.228713
    3265,  -0.021791,   0.975218,   0.222365
    3281,  -0.022523,   0.982055,   0.217237
    3297,  -0.021791,   0.969847,   0.218946
    3312,  -0.023012,   0.976927,   0.225050
    3328,  -0.017152,   0.973509,   0.222853
    3343,  -0.016419,   0.979369,   0.222365
    3359,  -0.020814,   0.976195,   0.224318
    3375,  -0.016175,   0.980590,   0.223830
    3391,  -0.017396,   0.975462,   0.221144
    3406,  -0.021058,   0.976073,   0.221388
    3422,  -0.018983,   0.976195,   0.219557
    3437,  -0.018617,   0.976195,   0.221632
    3453,  -0.016664,   0.976927,   0.223097
    3468,  -0.018861,   0.973753,   0.224562
    3484,  -0.021547,   0.976927,   0.221632
    3500,  -0.018495,   0.976561,   0.222731
    3515,  -0.019349,   0.974730,   0.225539
    3531,  -0.017030,   0.973265,   0.220656
    3547,  -0.023378,   0.994384,   0.226515
    3562,  -0.019593,   0.970579,   0.219435
    3578,  -0.016664,   0.967161,   0.222853
    3593,  -0.018617,   0.984252,   0.218214
    3609,  -0.017396,   0.966429,   0.222365
    3625,  -0.017640,   0.983764,   0.223830
    3640,  -0.017396,   0.975462,   0.222853
    3656,  -0.019227,   0.977171,   0.222853
    3672,  -0.016786,   0.973509,   0.220045
    3687,  -0.020204,   0.976439,   0.223341
    3703,  -0.019960,   0.972777,   0.221754
    3718,  -0.017152,   0.969847,   0.222609
    3734,  -0.015443,   0.975462,   0.220656
    3750,  -0.019471,   0.978758,   0.218336
    3765,  -0.020692,   0.977171,   0.226637
    3781,  -0.035219,   0.993774,   0.220656
    3797,  -0.003723,   0.940792,   0.188915
    3812,  -0.003968,   0.968870,   0.227492
    3828,  -0.019349,   0.974730,   0.211133
    3844,  -0.018617,   0.969603,   0.216749
    3859,  -0.020570,   0.978392,   0.220900
    3875,  -0.015809,   0.975340,   0.222487
    3890,  -0.020082,   0.976683,   0.221632
    3906,  -0.021547,   0.976927,   0.221388
    3922,  -0.026674,   0.977904,   0.216017
    3937,   0.065861,   0.972044,   0.223585
    3953,   0.074528,   1.017946,   0.250198
    3969,   0.061954,   1.004761,   0.254593
    3984,   0.096380,   1.011109,   0.257035
    4000,   0.102728,   1.094366,   0.266557
    4015,  -0.378258,   1.157358,   0.316853
    4031,   0.079290,   1.131966,   0.335409
    4047,   0.370079,   0.633767,   0.427822
    4062,   0.585668,   0.974242,   0.423793
    4078,   0.617042,   0.955075,   0.348715
    4093,   0.600806,   0.655375,   0.225050
    4109,   0.575169,   0.324788,   0.129341
    4125,   0.765367,   0.624611,   0.312214
    4140,   1.018800,   0.691021,   0.489959
    4156,   1.165537,   0.648050,   0.553684
    4172,   1.164317,   0.538424,   0.477507
    4187,   1.221937,   0.390710,   0.367149
    4203,   1.254654,   0.276933,   0.312458
    4218,   1.197278,   0.205396,   0.277300
    4234,   1.085699,   0.224196,   0.307575
    4250,   1.093023,   0.259720,   0.378624
    4265,   1.103522,   0.281816,   0.401819
    4281,   1.096197,   0.292315,   0.388512
    4297,   1.098395,   0.312824,   0.365928
    4312,   0.984130,   0.296466,   0.291339
    4328,   0.824696,   0.205884,   0.202344
    4343,   0.773668,   0.178417,   0.179515
    4359,   0.751694,   0.165354,   0.168162
    4375,   0.737533,   0.154856,   0.164500
    4390,   0.649515,   0.107123,   0.140695
    4406,   0.610450,   0.053653,   0.164622
    4422,   0.651956,  -0.004212,   0.165476
    4437,   0.653177,  -0.062565,   0.079778
    4453,   0.614967,  -0.066349,   0.063419
    4468,   0.662821,  -0.092962,   0.119087
    4484,   0.736556,  -0.924312,  -0.246414
    4500,   0.731795,  -0.994629,  -0.255326
    4515,   0.727767,  -1.031740,  -0.250320
    4531,   0.786120,  -1.051639,  -0.200146
    4546,   0.832509,  -0.983519,  -0.091253
    4562,   0.762070,  -0.879143,  -0.020326
    4578,   0.642800,  -0.644754,   0.148630
    4593,   0.436733,  -0.419398,   0.325887
    4609,   0.445035,  -0.455045,   0.342489
    4625,   0.421596,  -0.595923,   0.265824
    4640,   0.354453,  -1.035647,  -0.113349
    4656,   0.376427,  -1.086187,  -0.268632
    4671,   0.442837,  -0.941647,  -0.206128
    4687,   0.394494,  -0.849112,  -0.037417
    4703,   0.439907,  -0.892572,   0.028261
    4718,   0.402063,  -0.969969,  -0.114326
    4734,   0.385949,  -0.924556,  -0.189282
    4750,   0.404261,  -0.837881,  -0.200024
    4765,   0.459195,  -0.762437,  -0.182567
    4781,   0.510712,  -0.768296,  -0.186840
    4796,   0.470671,  -0.804676,  -0.211011
    4812,   0.394372,  -0.759263,  -0.204175
    4828,   1.616737,  -3.711103,  -2.103705
    4843,   0.599097,  -0.241653,   0.193066
    4859,   0.139840,  -0.448453,   0.185009
    4875,   0.390344,  -1.789843,   0.019960
    4890,   0.271928,  -1.091802,  -0.023256
    4906,   0.239211,  -0.908686,  -0.054019
    4921,   0.144479,  -0.906488,  -0.046695
    4937,   0.375694,  -0.933590,   0.019716
    4953,   0.407923,  -1.016603,  -0.014588
    4968,   0.406214,  -0.866691,  -0.049136
    4984,   0.478972,  -1.403589,   0.034609
    5000,   0.523653,  -2.152414,   0.058292
    5015,   0.312946,  -0.744857,  -0.099188
    5031,   0.215406,  -0.972777,  -0.113593
    5046,   0.151560,  -0.996826,   0.144479
    5062,  -0.075505,  -1.025392,   0.219191
    5078,  -0.071354,  -0.974608,   0.201123
    5093,  -0.022035,  -0.951413,   0.186474
    5109,   0.001648,  -1.034182,   0.117866
    5124,  -0.043521,  -0.975096,   0.119087
    5140,   0.078069,  -0.923335,   0.108832
    5156,   0.070988,  -0.934810,   0.076848
    5171,   0.114692,  -0.830800,   0.039248
    5187,   0.125069,  -0.967527,  -0.090643
    5203,  -0.038393,  -1.104499,   0.023866
    5218,   0.015321,  -1.063725,   0.080754
    5234,   0.310749,  -1.064945,   0.068547
    5249,  -0.055240,  -0.925044,   0.112495
    5265,  -0.084539,  -0.730574,  -0.154734
    5281,  -0.001282,  -0.498016,   0.184765
    5296,  -0.128121,  -1.092169,   0.091497
    5312,   0.036806,  -1.013429,   0.092718
    5328,   0.079778,  -1.000732,   0.093695
    5343,   0.025453,  -0.952023,   0.108710
    5359,   0.008240,  -0.941036,   0.096869
    5374,   0.038882,  -1.010743,   0.076360
    5390,   0.246292,  -0.561985,   0.304157
    5406,  -0.117744,  -1.647012,   0.475066
    5421,  -0.279375,  -1.572911,   0.490447
    5437,  -0.034243,  -1.422633,   0.258744
    5452,   0.067326,  -0.421596,   0.265092
    5468,  -0.035464,  -0.668193,   0.367637
    5484,   0.034609,  -0.633400,   0.299518
    5499,   0.006043,  -0.821034,   0.303424
    5515,   0.032900,  -1.060306,   0.267533
    5531,  -0.009095,  -0.984374,   0.271440
    5546,  -0.020082,  -0.969236,   0.273149
    5562,   0.003845,  -0.970213,   0.239700
    5577,   0.015321,  -0.953855,   0.210645
    5593,   0.020692,  -0.995605,   0.249954
    5609,   0.008240,  -0.959226,   0.273637
    5624,   0.004822,  -0.970945,   0.265580
    5640,  -0.001892,  -0.951657,   0.256546
    5656,   0.005310,  -0.954343,   0.240188
    5671,  -0.016419,  -0.923091,   0.280962
    5687,  -0.004944,  -0.950803,   0.233107
    5702,  -0.006165,  -0.893060,   0.201611
    5718,  -0.004700,  -0.898065,   0.184276
    5734,   0.057560,  -1.049319,   0.176708
    5749,   0.055362,  -1.029543,   0.087347
    5765,   0.007020,  -0.980345,   0.224562
    5781,  -0.001282,  -0.970945,   0.236282
    5796,  -0.002747,  -0.975340,   0.244827
    5812,   0.004700,  -0.975218,   0.233962
    5827,   0.005066,  -0.975096,   0.232375
    5843,   0.000183,  -0.972655,   0.242385
    5858,   0.006287,  -0.971922,   0.234572
    5874,   0.006531,  -0.975584,   0.233840
    5890,   0.001892,  -0.975340,   0.239944
    5906,   0.006043,  -0.975096,   0.238723
    5921,   0.006287,  -0.974364,   0.235305
    5937,   0.003357,  -0.974120,   0.240188
    5952,   0.005066,  -0.972166,   0.238479
    5968,   0.009217,  -0.973387,   0.235549
    5984,   0.007996,  -0.973875,   0.239944
    5999,   0.002258,  -0.974852,   0.239089
    6015,   0.004578,  -0.974120,   0.234817
    6031,   0.003601,  -0.975584,   0.236282
    6046,   0.004334,  -0.977782,   0.240188
    6062,   0.004334,  -0.978758,   0.237991
    6077,   0.005799,  -0.974120,   0.238235
    6093,   0.004578,  -0.973143,   0.240676
    6109,   0.004090,  -0.973509,   0.237258
    6124,   0.004212,  -0.977538,   0.238601
    6140,   0.001404,  -0.975340,   0.239456
    6155,   0.005555,  -0.975340,   0.235061
    6171,   0.007752,  -0.978270,   0.236526
    6187,   0.003113,  -0.980712,   0.235549
    6202,   0.003601,  -0.971678,   0.240188
    6218,   0.001892,  -0.975584,   0.236770
    6234,   0.003601,  -0.970945,   0.233840
    6249,   0.003357,  -0.973631,   0.240188
    6265,   0.005555,  -0.974608,   0.236770
    6280,   0.007020,  -0.976561,   0.236770
    6296,   0.005310,  -0.975340,   0.235793
    6312,   0.002258,  -0.974730,   0.239334
    6327,   0.003357,  -0.976561,   0.240432
    6343,   0.006287,  -0.975584,   0.238723
    6358,   0.003357,  -0.975584,   0.240432
    6374,   0.004944,  -0.974974,   0.238723
    6390,   0.004090,  -0.974120,   0.239211
    6405,   0.006043,  -0.975218,   0.237502
    6421,   0.005921,  -0.975218,   0.237991
    6437,   0.002625,  -0.975096,   0.240920
    6452,   0.005555,  -0.973143,   0.235061
    6468,   0.005555,  -0.974120,   0.239944
    6483,   0.005799,  -0.975096,   0.236037
    6499,   0.004578,  -0.974974,   0.237258
    6515,   0.009705,  -0.972655,   0.236770
    6530,   0.004334,  -0.976073,   0.240676
    6546,   0.004578,  -0.973631,   0.241897
    6562,   0.002136,  -0.976805,   0.236037
    6577,   0.003357,  -0.974608,   0.237258
    6593,   0.004578,  -0.973875,   0.239700
    6608,   0.003235,  -0.974486,   0.239089
    6624,   0.002014,  -0.972777,   0.234450
    6640,   0.001648,  -0.975218,   0.235915
    6655,   0.004822,  -0.972655,   0.239211
    6671,   0.004578,  -0.974730,   0.237746
    6687,   0.002380,  -0.974120,   0.236770
    6702,   0.007996,  -0.974242,   0.237869
    6718,   0.004212,  -0.970823,   0.237502
    6733,   0.002625,  -0.979979,   0.240920
    6749,   0.006043,  -0.973387,   0.238235
    6765,   0.005066,  -0.973875,   0.237502
    6780,   0.004822,  -0.977538,   0.237991
    6796,   0.000427,  -0.971922,   0.242630
    6812,   0.002136,  -0.971922,   0.239944
    6827,   0.007264,  -0.975584,   0.235793
    6843,   0.004456,  -0.974730,   0.238845
    6858,   0.002380,  -0.974608,   0.236770
    6874,   0.004456,  -0.974974,   0.233962
    6890,   0.001892,  -0.973509,   0.239944
    6905,   0.004090,  -0.975096,   0.238967
    6921,   0.003845,  -0.974364,   0.240920
    6936,   0.002503,  -0.974486,   0.240188
    6952,   0.005921,  -0.977416,   0.235793
    6968,   0.008484,  -0.974852,   0.239700
    6983,   0.001648,  -0.972410,   0.236770
    7006,   0.007264,  -0.976561,   0.239700
    7022,   0.002991,  -0.976561,   0.237991
    7048,   0.003601,  -0.974120,   0.242385
    7063,   0.005310,  -0.974120,   0.237991
    7079,   0.004822,  -0.976561,   0.234572
    7095,   0.005555,  -0.973631,   0.237746
    7110,   0.003845,  -0.974852,   0.237258
    7126,   0.004334,  -0.976805,   0.236282
    7142,   0.004456,  -0.972899,   0.236282
    7157,   0.006775,  -0.974608,   0.236526
    7173,   0.001404,  -0.966307,   0.241653
    7188,   0.003357,  -0.978026,   0.242385
    7204,   0.007020,  -0.978026,   0.234817
    7220,   0.000671,  -0.974364,   0.240920
    7235,   0.002136,  -0.971922,   0.238967
    7251,   0.005310,  -0.972899,   0.238723
    7267,   0.004334,  -0.975584,   0.241653
    7282,   0.003113,  -0.976805,   0.245315
    7298,   0.009461,  -0.974608,   0.235793
    7313,   0.003601,  -0.973631,   0.236037
    7329,   0.003479,  -0.973875,   0.239211
    7345,   0.004822,  -0.973021,   0.234694
    7360,   0.003845,  -0.974608,   0.238723
    7376,   0.003845,  -0.975340,   0.239944
    7392,   0.004822,  -0.973387,   0.236037
    7407,   0.008484,  -0.972655,   0.237746
    7423,   0.002136,  -0.976561,   0.239211
    7438,   0.002380,  -0.970701,   0.236526
    7454,   0.005799,  -0.973387,   0.237258
    7470,   0.003601,  -0.975829,   0.237258
    7485,   0.002869,  -0.974852,   0.237991
    7501,   0.008729,  -0.974852,   0.234817
    7517,   0.002869,  -0.973875,   0.237258
    7532,   0.005310,  -0.974852,   0.238235
    7548,   0.003845,  -0.972655,   0.235061
    7563,   0.004700,  -0.974242,   0.237136
    7579,   0.005555,  -0.974852,   0.238723
    7595,   0.003357,  -0.976073,   0.237014
    7610,   0.004456,  -0.971800,   0.238723
    7626,   0.003479,  -0.976561,   0.238113
    7641,   0.004578,  -0.974608,   0.239456
    7657,   0.003723,  -0.973509,   0.243728
    7673,   0.002380,  -0.975584,   0.238479
    7688,   0.004334,  -0.977538,   0.240676
    7704,   0.005799,  -0.977049,   0.232131
    7720,   0.003968,  -0.974852,   0.236770
    7735,   0.004090,  -0.977294,   0.239456
    7751,   0.005921,  -0.971922,   0.237869
    7766,   0.005432,  -0.972655,   0.239334
    7782,   0.003479,  -0.969236,   0.238845
    7798,   0.005310,  -0.969603,   0.237991
    7813,   0.004822,  -0.971800,   0.237502
    7829,   0.002380,  -0.974852,   0.235305
    7845,   0.006043,  -0.973753,   0.238357
    7860,   0.007264,  -0.970701,   0.237746
    7876,   0.005310,  -0.976561,   0.239944
    7891,   0.003601,  -0.972655,   0.238235
    7907,   0.006043,  -0.975584,   0.235061
