      12,  -0.019716,   0.979369,   0.220900
      28,  -0.016419,   0.979857,   0.224806
      43,  -0.017640,   0.980834,   0.222609
      59,  -0.018129,   0.977660,   0.223585
      75,  -0.015443,   0.973265,   0.225539
      90,  -0.017030,   0.973143,   0.227248
     106,  -0.019105,   0.976927,   0.226759
     121,  -0.018861,   0.971922,   0.229689
     137,  -0.023744,   0.976927,   0.231032
     153,  -0.024477,   0.970579,   0.234572
     168,  -0.029604,   0.976927,   0.240920
     184,  -0.026430,   0.963010,   0.268998
     200,  -0.017884,   0.978636,   0.230910
     215,  -0.020814,   0.990356,   0.202100
     231,  -0.023500,   0.976683,   0.201611
     247,  -0.025942,   0.975218,   0.200391
     262,  -0.044742,   0.980834,   0.243850
     278,  -0.007508,   0.976805,   0.270097
     293,   0.001038,   0.955197,   0.238601
     309,  -0.006165,   0.958127,   0.231398
     325,   0.000183,   0.979613,   0.207959
     340,   0.004090,   0.993530,   0.184520
     356,   0.000183,   0.987548,   0.187572
     372,   0.007264,   0.959104,   0.199658
     387,   0.012147,   0.985595,   0.229079
     403,   0.013368,   0.954465,   0.222731
     418,   0.006775,   0.977416,   0.244339
     434,   0.017762,   0.987426,   0.246780
     450,   0.018129,   0.976073,   0.250931
     465,   0.025087,   0.992065,   0.253006
     481,   0.021669,   0.972777,   0.250931
     496,   0.041445,   1.004517,   0.246536
     512,   0.018006,   1.012574,   0.210645
     528,  -0.002747,   1.030642,   0.215772
     543,  -0.019960,   1.015504,   0.186718
     559,  -0.009583,   0.991821,   0.205518
     574,   0.001160,   1.035036,   0.231643
     590,  -0.062321,   1.046512,   0.164256
     606,  -0.073064,   1.038210,   0.169627
     621,  -0.095282,   1.026247,   0.160105
     637,  -0.087713,   1.019410,   0.144723
     653,  -0.087713,   1.016236,   0.143014
     668,  -0.096502,   0.994262,   0.131295
     684,  -0.115913,   0.952145,   0.156931
     700,  -0.122993,   0.937618,   0.179760
     715,  -0.117256,   0.935177,   0.178661
     731,  -0.111884,   0.953000,   0.176708
     746,  -0.096014,   0.973509,   0.170359
     762,  -0.081121,   1.001831,   0.139596
     778,  -0.082586,   1.021363,   0.133736
     793,  -0.075139,   1.026735,   0.127876
     809,  -0.072087,   1.025270,   0.124214
     825,  -0.070988,   1.027956,   0.126656
     840,  -0.074284,   1.033083,   0.125801
     856,  -0.072087,   1.021608,   0.108588
     871,  -0.067936,   1.031862,   0.131050
     887,  -0.047671,   1.050662,   0.131050
     903,  -0.053531,   1.060673,   0.109076
     918,  -0.087957,   1.065312,   0.136666
     934,  -0.060367,   1.068974,   0.143258
     949,  -0.054508,   1.074589,   0.122993
     965,  -0.050845,   1.063358,   0.100287
     981,  -0.046206,   1.049197,   0.084173
     996,  -0.043765,   1.052860,   0.083684
    1012,  -0.048648,   1.071904,   0.060245
    1028,  -0.053653,   1.070439,   0.033144
    1043,  -0.056461,   1.067509,   0.027773
    1059,  -0.057438,   1.046878,   0.024354
    1075,  -0.060856,   1.011353,   0.017762
    1090,  -0.065373,   0.997314,   0.012635
    1106,  -0.065495,   0.994506,   0.008973
    1121,  -0.073552,   0.994262,   0.006531
    1137,  -0.062809,   0.998169,   0.001892
    1153,  -0.052066,   1.018190,   0.026796
    1168,  -0.040103,   1.060917,   0.085271
    1184,  -0.032534,   1.081182,   0.082464
    1199,  -0.021303,   1.105475,   0.079290
    1215,  -0.005677,   1.122932,   0.084417
    1231,  -0.020326,   1.061405,   0.077580
    1246,  -0.041690,   1.008912,   0.076115
    1262,  -0.031191,   1.008790,   0.041079
    1278,  -0.031435,   1.000244,   0.018006
    1293,  -0.069767,   0.926021,   0.046206
    1309,  -0.094305,   0.914057,   0.096014
    1324,  -0.080266,   0.934078,   0.103583
    1340,  -0.007874,   1.015748,   0.088567
    1356,   0.041445,   1.100714,   0.075627
    1371,   0.036806,   1.137093,   0.045962
    1387,  -0.002014,   1.072636,   0.035830
    1403,  -0.051090,   0.960813,   0.095892
    1418,  -0.062565,   0.931026,   0.101508
    1434,  -0.042300,   0.958127,   0.101019
    1449,  -0.003357,   1.000977,   0.119087
    1465,   0.037173,   1.060917,   0.095404
    1481,   0.045352,   1.058231,   0.072941
    1496,   0.029482,   1.028444,   0.061222
    1512,   0.011170,   0.982787,   0.064396
    1527,  -0.009095,   0.955442,   0.088079
    1543,  -0.021058,   0.955197,   0.116889
    1559,  -0.012513,   0.960081,   0.106147
    1574,  -0.002258,   0.960325,   0.092718
    1590,  -0.013734,   0.943722,   0.090521
    1606,  -0.019105,   0.932491,   0.089056
    1621,   0.000916,   0.947629,   0.055118
    1637,   0.021425,   0.992797,   0.022645
    1653,  -0.009095,   0.991821,   0.023378
    1668,  -0.013245,   0.993530,   0.053409
    1684,  -0.026674,   0.997925,   0.102973
    1699,   0.009461,   1.020631,   0.120796
    1715,   0.038393,   1.030519,   0.110786
    1731,   0.043399,   1.028200,   0.112495
    1746,   0.043399,   1.027956,   0.114448
    1762,   0.047061,   1.025392,   0.114692
    1777,   0.052432,   1.025270,   0.138863
    1793,   0.052921,   0.998047,   0.142160
    1809,   0.033388,   0.954465,   0.143258
    1824,   0.021913,   0.926998,   0.112006
    1840,   0.027284,   0.929561,   0.090643
    1856,   0.046451,   0.919551,   0.069890
    1871,   0.042910,   0.942990,   0.019471
    1887,   0.033632,   0.927852,  -0.002014
    1902,   0.033754,   0.913447,  -0.020448
    1918,   0.014222,   0.876579,  -0.021425
    1933,   0.012635,   0.850088,   0.009095
    1949,   0.038027,   0.857291,   0.034853
    1965,   0.061222,   0.835317,   0.037539
    1981,   0.083196,   0.791125,   0.052188
    1996,   0.072453,   0.749863,   0.055851
    2012,   0.038516,   0.710065,   0.047793
    2027,   0.020448,   0.711286,   0.044131
    2043,   0.028871,   0.754257,   0.031435
    2058,   0.054264,   0.822865,   0.010193
    2074,   0.059269,   0.830190,   0.000427
    2090,   0.061222,   0.812611,   0.017274
    2105,   0.034121,   0.798938,   0.048038
    2121,  -0.005921,   0.806018,   0.054874
    2137,  -0.014466,   0.827504,   0.061954
    2152,   0.024843,   0.888543,   0.050601
    2168,   0.124947,   0.926143,  -0.004700
    2183,   0.102973,   0.908320,  -0.010804
    2199,   0.047061,   0.891717,   0.005066
    2215,   0.002380,   0.907099,   0.041690
    2230,   0.001160,   0.934200,   0.072697
    2246,   0.015321,   0.967527,   0.104071
    2262,   0.031679,   1.006958,   0.138619
    2277,   0.060490,   1.042849,   0.153024
    2293,   0.071110,   1.063480,   0.165354
    2308,   0.053043,   1.037356,   0.167186
    2324,   0.030703,   1.026003,   0.179149
    2340,   0.020082,   1.026247,   0.209302
    2355,   0.034487,   0.981078,   0.175243
    2371,   0.032900,   0.966551,   0.175121
    2387,   0.035342,   0.967894,   0.174999
    2402,   0.060490,   1.022096,   0.156687
    2418,   0.048648,   1.033083,   0.140939
    2433,   0.033632,   1.045779,   0.145944
    2449,   0.020570,   1.104987,   0.174876
    2465,   0.039736,   1.087530,   0.165476
    2480,   0.035708,   1.039187,   0.165965
    2496,   0.020448,   1.000854,   0.150827
    2512,   0.015687,   1.038210,   0.168650
    2527,   0.016053,   1.045779,   0.159373
    2543,   0.014955,   1.036745,   0.153147
    2558,   0.045596,   1.012818,   0.166453
    2574,   0.048770,   0.966795,   0.170970
    2590,   0.040225,   0.980345,   0.180370
    2605,   0.034121,   0.985229,   0.192578
    2621,   0.034609,   0.996948,   0.194531
    2637,   0.035586,   0.984252,   0.192822
    2652,   0.033632,   0.993286,   0.221632
    2668,   0.058170,   0.997681,   0.229201
    2684,   0.075505,   0.992675,   0.225172
    2699,   0.078069,   0.970335,   0.202832
    2715,   0.070256,   0.962766,   0.181347
    2730,   0.045352,   0.982055,   0.174510
    2746,  -0.017640,   1.058964,   0.196484
    2762,  -0.042544,   1.111457,   0.216261
    2777,  -0.046695,   1.154917,   0.206006
    2793,  -0.046939,   1.169810,   0.186596
    2808,  -0.054630,   1.140878,   0.182079
    2824,  -0.065006,   1.095831,   0.184276
    2840,  -0.076482,   1.038699,   0.192089
    2855,  -0.103705,   1.002564,   0.207105
    2871,  -0.103095,   0.993042,   0.217481
    2887,  -0.086614,   1.088384,   0.256424
    2902,  -0.060367,   1.112556,   0.235549
    2918,  -0.051578,   1.046756,   0.208448
    2933,  -0.086370,   0.981933,   0.210767
    2949,  -0.103583,   0.970335,   0.222609
    2965,  -0.106025,   0.993774,   0.216383
    2980,  -0.073552,   1.030153,   0.213575
    2996,  -0.052310,   1.052860,   0.212598
    3012,  -0.048404,   1.054325,   0.208936
    3027,  -0.048648,   1.053348,   0.211378
    3043,  -0.048160,   1.053592,   0.212354
    3058,  -0.032534,   1.034792,   0.206617
    3074,  -0.047916,   0.945431,   0.219923
    3090,  -0.075993,   0.892694,   0.199658
    3105,  -0.136056,   0.850943,   0.242874
    3121,  -0.085027,   0.986449,   0.275591
    3136,  -0.048892,   0.960813,   0.155954
    3152,  -0.070134,   0.946896,   0.169383
    3168,  -0.083318,   0.932735,   0.178417
    3183,  -0.054752,   0.953000,   0.166697
    3199,  -0.036196,   0.996704,   0.219191
    3214,  -0.039126,   1.001099,   0.262895
    3230,  -0.045474,   0.984008,   0.276567
    3246,  -0.028871,   1.007935,   0.265336
    3261,  -0.007630,   1.023317,   0.222853
    3277,  -0.000794,   1.018434,   0.185009
    3292,   0.010926,   1.020387,   0.179393
    3308,   0.003357,   1.006958,   0.155954
    3324,  -0.000549,   1.009400,   0.154001
    3339,  -0.018861,   1.000854,   0.169627
    3355,  -0.023012,   0.992309,   0.184765
    3371,  -0.026430,   0.968870,   0.197461
    3386,  -0.023744,   0.961790,   0.194287
    3402,  -0.018617,   0.951169,   0.195996
    3418,  -0.003968,   0.981078,   0.189648
    3433,   0.007264,   1.026491,   0.200391
    3449,   0.020204,   1.062626,   0.192089
    3465,   0.028139,   1.067021,   0.169505
    3480,  -0.027895,   0.987670,   0.172557
    3496,  -0.084295,   0.943966,   0.204785
    3511,  -0.085027,   0.944210,   0.226027
    3527,  -0.046939,   1.012818,   0.246536
    3543,   0.005799,   1.072148,   0.218946
    3558,   0.011414,   1.071660,   0.208204
    3574,   0.010682,   1.023317,   0.170604
    3589,  -0.012391,   0.968138,   0.139230
    3605,  -0.034731,   0.926875,   0.134225
    3621,  -0.072331,   0.899286,   0.147165
    3636,  -0.086736,   0.926143,   0.175487
    3652,  -0.081121,   0.930538,   0.173778
    3667,  -0.078923,   0.937374,   0.169627
    3683,  -0.039980,   0.968138,   0.122383
    3699,  -0.021303,   0.970579,   0.119819
    3714,   0.003601,   0.987914,   0.131050
    3730,   0.024354,   1.000610,   0.121284
    3746,   0.021425,   0.977904,   0.159128
    3761,  -0.006897,   0.904291,   0.231398
    3777,  -0.007874,   0.909540,   0.242874
    3792,  -0.003968,   0.950803,   0.233107
    3808,  -0.005921,   0.990356,   0.217726
    3824,  -0.002258,   1.033083,   0.213331
    3839,   0.010926,   1.050174,   0.219191
    3855,   0.033510,   1.020021,   0.189892
    3871,   0.045840,   0.973021,   0.176708
    3886,   0.037295,   0.951779,   0.177684
    3902,   0.028383,   0.962888,   0.203321
    3918,   0.008729,   0.973265,   0.222853
    3933,   0.026552,   1.004761,   0.204297
    3949,   0.077825,   1.053348,   0.173778
    3964,   0.123726,   1.052127,   0.136666
    3980,   0.145944,   1.031862,   0.127632
    3996,   0.162547,   0.987914,   0.133614
    4011,   0.169383,   0.955930,   0.129586
    4027,   0.151315,   0.904535,   0.160837
    4042,   0.162058,   0.961301,   0.177928
    4058,   0.190136,   1.049197,   0.182567
    4074,   0.200391,   1.067753,   0.171092
    4089,   0.202344,   1.035769,   0.162791
    4105,   0.176463,   0.972533,   0.137154
    4121,   0.112861,   0.895135,   0.107978
    4136,   0.077092,   0.877800,   0.096869
    4152,   0.066471,   0.871330,   0.087225
    4167,   0.097235,   0.952878,   0.056095
    4183,   0.135934,   1.087163,   0.061954
    4199,   0.120796,   1.060184,   0.065617
    4214,   0.106391,   1.015016,   0.065373
    4230,   0.100287,   0.971922,   0.080876
    4246,   0.129830,   0.967527,   0.071477
    4261,   0.135201,   0.949582,   0.098822
    4277,   0.130806,   0.931514,   0.109565
    4293,   0.129586,   0.931514,   0.112861
    4308,   0.126167,   0.930294,   0.106879
    4324,   0.124214,   0.931026,   0.109809
    4339,   0.084905,   0.914668,   0.136666
    4355,   0.083440,   0.993286,   0.172313
    4371,   0.082464,   1.090215,   0.181835
    4386,   0.086614,   1.104987,   0.171580
    4402,   0.076726,   1.050662,   0.147043
    4417,   0.015077,   0.979491,   0.153757
    4433,   0.033877,   1.052615,   0.146676
    4448,   0.049014,   1.018922,   0.142770
    4464,  -0.025453,   0.919062,   0.169139
    4480,  -0.051334,   0.893426,   0.164256
    4496,  -0.026430,   0.972410,   0.135812
    4511,  -0.031923,   1.066899,   0.180004
    4527,   0.015321,   1.143930,   0.187450
    4542,   0.055118,   1.120003,   0.174754
    4558,   0.014588,   1.015016,   0.207227
    4573,  -0.017884,   0.951047,   0.221632
    4589,  -0.027162,   0.959348,   0.233107
    4605,  -0.035952,   0.971312,   0.237991
    4621,  -0.015931,   0.988647,   0.215284
    4636,  -0.002014,   1.000244,   0.187206
    4652,   0.003113,   1.006470,   0.204785
    4667,   0.004822,   1.000366,   0.220411
    4683,  -0.009095,   0.973753,   0.232619
    4698,  -0.004456,   0.966917,   0.246780
    4714,   0.016175,   0.982665,   0.228591
    4730,   0.004090,   1.011597,   0.226027
    4745,   0.006531,   1.026125,   0.210401
    4761,   0.027040,   1.020509,   0.195019
    4777,  -0.007874,   0.958860,   0.202832
    4792,  -0.014955,   0.935421,   0.221876
    4808,  -0.000794,   0.975462,   0.252152
    4823,   0.026552,   1.000122,   0.244339
    4839,   0.033999,   1.000610,   0.222121
    4855,   0.032656,   0.993286,   0.201856
    4870,   0.024110,   0.975951,   0.178417
    4886,   0.003113,   0.956662,   0.178050
    4902,  -0.000549,   0.962766,   0.198437
    4917,   0.003113,   0.985473,   0.204297
    4933,   0.003845,   0.987182,   0.205762
    4948,   0.001892,   0.990844,   0.204663
    4964,   0.003235,   1.009400,   0.204541
    4980,   0.006287,   1.032717,   0.179882
    4995,   0.021669,   1.035280,   0.177196
    5011,   0.040225,   1.042605,   0.185009
    5027,   0.049502,   1.049320,   0.186352
    5042,   0.047549,   1.030153,   0.185497
    5058,  -0.004944,   0.953488,   0.186962
    5073,  -0.081853,   0.925655,   0.223341
    5089,   0.039614,   1.053348,   0.184643
    5105,  -0.006165,   0.957883,   0.184032
    5120,  -0.066960,   0.957395,   0.222121
    5136,  -0.047183,   0.984252,   0.186108
    5152,  -0.008606,   0.989868,   0.147165
    5167,   0.007752,   1.005005,   0.149362
    5183,   0.023622,   0.988769,   0.146066
    5199,   0.016175,   0.969236,   0.140084
    5214,  -0.006653,   0.920039,   0.154245
    5230,  -0.020082,   0.884148,   0.177440
    5245,  -0.026918,   0.870231,   0.210157
    5261,   0.013612,   0.934933,   0.251419
    5277,   0.061710,   1.032595,   0.260941
    5292,   0.087103,   1.073003,   0.218702
    5308,   0.047793,   0.933468,   0.206006
    5323,   0.035586,   0.954709,   0.270463
    5339,   0.055606,   1.018434,   0.288775
    5355,   0.026918,   1.017213,   0.257279
    5370,   0.028383,   0.992797,   0.224318
    5386,   0.029116,   1.021730,   0.232131
    5402,   0.038271,   1.033571,   0.237014
    5417,   0.000671,   1.021852,   0.262650
    5433,  -0.030092,   1.007691,   0.289996
    5460,  -0.021058,   1.028810,   0.298175
    5476,   0.034365,   0.983764,   0.239700
    5491,   0.022645,   0.970823,   0.221388
    5507,   0.010316,   0.931636,   0.219191
    5523,  -0.020448,   0.885003,   0.211500
    5538,  -0.021791,   0.894891,   0.205762
    5554,  -0.011048,   0.907587,   0.209669
    5570,  -0.005432,   0.914912,   0.209669
    5585,  -0.004456,   0.919795,   0.208692
    5601,  -0.003723,   0.923213,   0.211378
    5616,  -0.005432,   0.962034,   0.231887
    5632,  -0.042544,   1.005982,   0.243850
    5648,  -0.026430,   1.020387,   0.228957
    5663,  -0.057193,   0.997192,   0.232131
    5679,  -0.058536,   0.967161,   0.222487
    5695,  -0.129952,   0.963987,   0.229445
    5710,  -0.121162,   0.982055,   0.201367
    5726,  -0.119209,   0.984740,   0.160105
    5741,  -0.114326,   0.974730,   0.133736
    5757,  -0.116645,   0.978392,   0.114570
    5773,  -0.112006,   0.977904,   0.102362
    5788,  -0.111396,   0.987304,   0.116035
    5804,  -0.077214,   1.010865,   0.131783
    5819,  -0.062199,   1.032228,   0.146921
    5835,  -0.109199,   0.962522,   0.160837
    5851,  -0.107489,   0.935177,   0.129341
    5866,  -0.112861,   0.932979,   0.121040
    5882,  -0.085760,   0.964109,   0.133370
    5898,  -0.043643,   1.009034,   0.134835
    5913,  -0.059391,   1.026491,   0.154245
    5929,  -0.131173,   1.040652,   0.241897
    5944,  -0.139962,   1.024538,   0.278520
    5960,  -0.035464,   0.980223,   0.275102
    5976,   0.019716,   0.955930,   0.264848
    5991,   0.055362,   0.950803,   0.259110
    6007,   0.106635,   0.949338,   0.247269
    6022,   0.112006,   0.951291,   0.226271
    6038,   0.095282,   0.978881,   0.218580
    6054,   0.091131,   0.985961,   0.201001
    6069,   0.092474,   0.993652,   0.158640
    6085,   0.066593,   1.001831,   0.154734
    6101,   0.072941,   1.017701,   0.176708
    6116,   0.076970,   1.039797,   0.195508
    6132,   0.084661,   1.030153,   0.216017
    6147,   0.078069,   1.016969,   0.219679
    6163,   0.033510,   0.982421,   0.241165
    6179,   0.028017,   0.940304,   0.234328
    6194,   0.070988,   0.933468,   0.182567
    6210,   0.065373,   0.939327,   0.186474
    6226,   0.064518,   0.939205,   0.189404
    6273,   0.138131,   1.037966,   0.137643
    6288,   0.147775,   1.019288,   0.137643
    6304,   0.154123,   0.968138,   0.126778
    6319,   0.154978,   0.946896,   0.105170
    6335,   0.222365,   1.018434,   0.073430
    6351,   0.206250,   1.020143,   0.062931
    6366,   0.192822,   1.000366,   0.059269
    6382,   0.191845,   0.985961,   0.059269
    6397,   0.190869,   0.969847,   0.076115
    6413,   0.203809,   0.955442,   0.086370
    6428,   0.201611,   0.968382,   0.089544
    6444,   0.226759,   1.010133,   0.080022
    6460,   0.211866,   1.020875,   0.088079
    6476,   0.160837,   0.992187,   0.102118
    6491,   0.132027,   0.976195,   0.110786
    6507,   0.114326,   0.958616,   0.122871
    6522,   0.100531,   0.956418,   0.135689
    6538,   0.111274,   0.973753,   0.115425
    6554,   0.126412,   0.976927,   0.106757
    6569,   0.147409,   0.955197,   0.078923
    6585,   0.177074,   0.872551,   0.046329
    6601,   0.190624,   0.751083,   0.036562
    6616,   0.110297,   0.669291,   0.061466
    6632,   0.124458,   0.812122,   0.125679
    6647,   0.258500,   0.933712,   0.301471
    6663,   0.271196,   1.162486,   0.486785
    6679,   0.046573,   1.348288,   0.166453
    6694,  -0.015931,   1.202649,   0.021791
    6710,  -0.083440,   0.864860,  -0.069767
    6726,  -0.000549,   0.937130,  -0.098700
    6741,   0.042666,   1.098517,   0.107612
    6757,   0.009461,   1.161143,   0.165354
    6772,   0.027529,   1.187023,   0.206739
    6788,   0.109565,   1.017946,   0.156687
    6803,   0.091253,   1.011842,   0.341757
    6819,   0.051944,   1.124641,   0.271440
    6835,  -0.030336,   1.076543,   0.157908
    6850,  -0.099921,   1.016114,   0.109199
    6866,  -0.196606,   0.940304,   0.080266
    6882,  -0.224684,   0.922236,   0.080266
    6897,   0.003357,   0.868766,   0.125923
    6913,   0.056339,   0.936031,   0.242996
    6929,  -0.030092,   0.985717,   0.315876
    6944,   0.003601,   0.938107,   0.310261
    6960,   0.010682,   0.965208,   0.307819
    6975,   0.042178,   0.936642,   0.318318
    6991,   0.015443,   0.783800,   0.524019
    7007,   0.074162,   0.828969,   0.606910
    7022,   0.052188,   0.731795,   0.547824
    7038,   0.058048,   0.719587,   0.744857
    7053,   0.113471,   0.612891,   0.918330
    7069,   0.216505,   0.747421,   0.972410
    7085,   0.141183,   0.817982,   1.063602
    7100,   0.019471,   0.755478,   1.055423
    7116,   0.069523,   0.751572,   1.101569
    7132,   0.085393,   0.501434,   0.925044
    7147,   0.111274,   0.418788,   0.874504
    7163,   0.085027,   0.396081,   0.814686
    7178,   0.104926,   0.248855,   0.699689
    7194,   0.051212,   0.175853,   0.961668
    7210,   0.032167,   0.014344,   1.012574
    7225,  -0.054996,   0.075505,   1.075688
    7241,   0.019471,   0.020814,   1.034670
    7257,  -0.008851,  -0.000916,   1.036623
    7272,   0.025087,  -0.109565,   0.995361
    7288,   0.009217,  -0.285357,   0.863273
    7303,  -0.090399,  -0.393518,   0.752915
    7319,  -0.141549,  -0.408777,   0.767320
    7335,  -0.063541,  -0.379357,   0.836416
    7350,  -0.002014,  -0.570652,   0.774034
    7366,  -0.073064,  -0.758286,   0.710187
    7382,  -0.086004,  -0.784655,   0.727522
    7397,  -0.196118,  -0.745346,   0.742660
    7413,  -0.151437,  -0.623756,   0.801257
    7428,  -0.019105,  -0.726546,   0.735580
    7444,  -0.102973,  -0.864738,   0.582982
    7460,  -0.146921,  -0.957517,   0.359092
    7475,  -0.109199,  -0.964353,   0.251907
    7491,  -0.121162,  -0.921626,   0.265092
    7507,  -0.124336,  -0.907953,   0.273149
    7522,   0.055851,  -0.743637,   0.472624
    7538,   0.064396,  -0.831777,   0.592260
    7553,  -0.085515,  -0.996338,   0.640359
    7569,  -0.158274,  -1.036135,   0.635964
    7585,  -0.149362,  -0.930660,   0.623024
    7600,  -0.157297,  -0.875847,   0.537447
    7616,   0.105170,  -1.175060,   0.347128
    7632,   0.260575,  -1.472685,   0.191479
    7647,   0.290362,  -0.791491,   0.539523
    7663,  -0.074284,  -0.827382,   0.765000
    7678,  -0.075505,  -0.645730,   0.308307
    7694,  -0.024599,  -0.893182,   0.096258
    7710,  -0.097601,  -1.050052,   0.018129
    7725,   0.017518,  -1.096441,   0.078313
    7741,  -0.021058,  -1.001465,   0.070256
    7756,  -0.155832,  -1.012452,   0.127876
    7772,  -0.171947,  -1.067387,   0.069035
    7788,  -0.112128,  -1.147714,  -0.077336
    7803,   0.017518,  -1.308613,  -0.185375
    7819,  -0.063053,  -1.296161,  -0.312336
    7834,  -0.048404,  -1.410914,  -0.398035
    7850,  -0.109443,  -1.405298,  -0.407557
    7866,  -0.215895,  -1.279802,  -0.455167
    7881,  -0.294513,  -0.986571,  -0.179760
    7897,  -0.121773,  -0.759873,  -0.262040
    7913,  -0.295978,  -0.509736,  -0.336996
    7928,  -0.168284,  -0.568333,  -0.684185
    7944,  -0.054141,  -0.698590,  -0.755478
    7960,  -0.052066,  -0.738021,  -0.721785
    7975,  -0.055484,  -0.517793,  -0.747421
    7991,  -0.057193,  -0.373009,  -0.808582
    8006,   0.013123,  -0.356650,  -0.754624
    8022,   0.085271,  -0.238113,  -0.785143
    8038,   0.082952,  -0.297442,  -0.776842
    8053,   0.068303,  -0.401575,  -0.874870
    8069,   0.108588,  -0.406214,  -1.008912
    8085,   0.017518,  -0.173778,  -1.053836
    8100,   0.011414,  -0.075627,  -1.105597
    8116,  -0.032045,   0.107734,  -1.048953
    8131,  -0.049258,   0.154123,  -1.022340
    8147,  -0.058658,   0.204663,  -0.988403
    8163,  -0.067936,   0.195630,  -0.981810
    8178,  -0.070866,   0.421229,  -0.703717
    8194,  -0.107734,   0.419520,  -0.531099
    8210,  -0.067448,   0.294757,  -0.754990
    8225,  -0.069767,   0.143991,  -1.092291
    8241,  -0.106513,   0.091375,  -1.058719
    8256,   0.094427,   0.754013,  -0.591650
    8272,   0.175487,   0.762315,  -0.600195
    8288,   0.168650,   0.797473,  -0.613136
    8303,   0.107367,   0.777941,  -0.637551
    8319,   0.086614,   0.723250,  -0.643167
    8334,   0.057560,   0.838735,  -0.622169
    8350,   0.162302,   1.018190,  -0.463712
    8366,   0.138375,   1.127815,  -0.389733
    8381,   0.153024,   1.092413,  -0.425380
    8397,   0.146432,   1.034060,  -0.365806
    8412,   0.162058,   0.935665,  -0.380944
    8428,   0.275835,   0.931270,  -0.302326
    8444,   0.254837,   0.946652,  -0.245926
    8459,   0.059635,   0.762315,  -0.326985
    8475,  -0.065739,   0.764756,  -0.395837
    8491,  -0.044619,   0.797107,  -0.345175
    8506,  -0.136300,   0.806018,  -0.381432
    8522,   0.047305,   0.821034,  -0.348715
    8538,  -0.098578,   0.862418,  -0.081121
    8553,  -0.097967,   0.811634,   0.013368
    8569,   0.066105,   0.800647,  -0.151193
    8584,   0.115302,   0.771837,  -0.184643
    8600,   0.075627,   0.801868,  -0.100897
    8616,   0.065861,   0.928218,  -0.071354
    8631,   0.089788,   1.077031,  -0.136788
    8647,   0.018251,   1.130990,  -0.146554
    8662,  -0.062931,   1.080938,  -0.111884
    8678,  -0.025209,   0.966429,  -0.126289
    8694,  -0.097235,   0.862052,  -0.192334
    8709,  -0.096747,   0.974486,  -0.249588
    8725,  -0.054508,   1.024049,  -0.201734
    8741,  -0.004334,   0.977904,  -0.218092
    8756,   0.057315,   0.871452,  -0.202222
    8772,   0.054630,   0.818470,  -0.219801
    8788,   0.049380,   0.782824,  -0.221998
    8803,  -0.052066,   0.986083,  -0.160715
    8819,   0.058048,   1.174449,  -0.101141
    8834,   0.005921,   1.065800,  -0.119453
    8850,  -0.072087,   0.954465,  -0.108954
    8866,  -0.046328,   0.699078,  -0.077336
    8881,   0.110541,   0.901972,  -0.163889
    8897,   0.125923,   0.771837,  -0.137765
    8912,   0.056583,   0.861686,  -0.125801
    8928,   0.071355,   1.016480,  -0.142282
    8944,   0.013123,   0.950559,  -0.111152
    8959,  -0.021913,   0.871208,  -0.080022
    8975,  -0.013734,   1.016725,  -0.055973
    8991,  -0.031557,   1.292987,  -0.081365
    9006,   0.001404,   1.341696,  -0.119697
    9022,   0.039980,   1.197522,  -0.137643
    9037,   0.068303,   1.056034,  -0.101752
    9053,   0.046573,   1.027223,  -0.026186
    9068,   0.098334,   1.040896,  -0.006165
    9084,   0.117134,   1.143930,  -0.061832
    9100,   0.081243,   1.120735,  -0.016908
    9116,   0.105414,   1.129769,  -0.013978
    9131,   0.091986,   2.694561,   0.817860
    9147,   0.036562,   1.002808,   0.071965
    9162,   0.118477,   1.150156,   0.096869
    9178,   0.080754,   1.054935,   0.098212
    9193,   0.060734,   1.062626,   0.055118
    9209,   0.006043,   0.857535,   0.079290
    9225,   0.020448,   0.889520,   0.126656
    9241,   0.202344,   0.775011,  -0.050357
    9256,   0.002869,   1.171397,   0.055606
    9272,  -0.030336,   0.893670,   0.110297
    9287,  -0.012513,   0.910883,   0.104560
    9303,  -0.040347,   0.951047,   0.158152
    9318,  -0.025453,   1.020753,   0.236648
    9334,  -0.074406,   1.021852,   0.299884
    9350,  -0.102850,   1.117073,   0.505219
    9365,   0.001648,   0.948849,   0.223341
    9381,  -0.038638,   1.003296,   0.244827
    9397,  -0.077580,   1.010743,   0.268022
    9412,  -0.075261,   1.010621,   0.265824
    9428,  -0.075505,   0.996460,   0.267533
    9443,  -0.067570,   1.000977,   0.261674
    9459,   0.028261,   0.907099,   0.191113
    9475,   0.194775,   1.956723,   0.253372
    9490,   0.061222,   1.214979,   0.228957
    9506,   0.010193,   0.992065,   0.255570
    9522,  -0.016175,   0.995239,   0.238479
    9537,  -0.023500,   0.979369,   0.228957
    9553,  -0.018617,   0.973509,   0.223097
    9568,  -0.017152,   0.970823,   0.220411
    9584,  -0.018861,   0.974486,   0.218214
    9600,  -0.016419,   0.974242,   0.221876
    9615,  -0.017030,   0.976561,   0.222243
    9631,  -0.018129,   0.973265,   0.221388
    9647,  -0.022767,   0.973997,   0.220167
    9662,  -0.018617,   0.975462,   0.221876
    9678,  -0.019349,   0.975951,   0.222609
    9693,  -0.017152,   0.975707,   0.224928
    9709,  -0.017396,   0.976927,   0.220656
    9725,  -0.014466,   0.975707,   0.222975
    9740,  -0.016908,   0.976927,   0.222243
    9756,  -0.019105,   0.975218,   0.219191
    9772,  -0.021547,   0.975462,   0.219435
    9787,  -0.018129,   0.975707,   0.218214
    9803,  -0.017396,   0.974242,   0.222365
    9818,  -0.021058,   0.978636,   0.221388
    9834,  -0.016664,   0.977416,   0.222853
    9850,  -0.016908,   0.976195,   0.223341
    9865,  -0.016419,   0.978148,   0.220656
    9881,  -0.016908,   0.974242,   0.223952
    9897,  -0.020082,   0.975951,   0.220900
    9912,  -0.018617,   0.976195,   0.222365
    9928,  -0.019471,   0.975829,   0.221144
    9943,  -0.016175,   0.974974,   0.222731
    9959,  -0.021058,   0.978392,   0.225294
    9975,  -0.018861,   0.975951,   0.221144
    9990,  -0.019349,   0.978392,   0.221876
   10006,  -0.019105,   0.976195,   0.225783
   10022,  -0.017152,   0.976439,   0.225050
   10037,  -0.017152,   0.976439,   0.221876
   10053,  -0.017396,   0.977171,   0.223585
